INSERT INTO TipoTelefono (idtipotelefono, dentipotelefono) VALUES (1, 'Telefono Fijo');
INSERT INTO TipoTelefono (idtipotelefono, dentipotelefono) VALUES (2, 'Celular');
  
INSERT INTO persona (NroDocumentoP, Apellido, Nombre, FNacimiento, Direccion) VALUES (39546757,'González','Sofía','14/04/1998','Av. Corrientes 978');
INSERT INTO persona (NroDocumentoP, Apellido, Nombre, FNacimiento, Direccion) VALUES (35006456,'Rodríguez','Santiago','07/01/1994','Hipólito Yrigoyen 667');
INSERT INTO persona (NroDocumentoP, Apellido, Nombre, FNacimiento, Direccion) VALUES (37000969,'Gómez','María','07/02/1996','Av. Gral. San Martin 146');
INSERT INTO persona (NroDocumentoP, Apellido, Nombre, FNacimiento, Direccion) VALUES (34786978,'Fernández','Mateo','29/03/1993','Ituzaingo 702');
INSERT INTO persona (NroDocumentoP, Apellido, Nombre, FNacimiento, Direccion) VALUES (32798654,'López','Lucía','27/03/1991','Almirante Brown 971');
INSERT INTO persona (NroDocumentoP, Apellido, Nombre, FNacimiento, Direccion) VALUES (30647234,'Díaz','Juan','04/08/1989','Sarmiento 141'); 
INSERT INTO persona (NroDocumentoP, Apellido, Nombre, FNacimiento, Direccion) VALUES (38674786,'Martínez','Martina','10/11/1997','Colón 918');
INSERT INTO persona (NroDocumentoP, Apellido, Nombre, FNacimiento, Direccion) VALUES (39643354,'Pérez','Matías','14/09/1998','9 De Julio 159');
INSERT INTO persona (NroDocumentoP, Apellido, Nombre, FNacimiento, Direccion) VALUES (35879456,'García','Catalina','26/06/1994','Güemes 555');
INSERT INTO persona (NroDocumentoP, Apellido, Nombre, FNacimiento, Direccion) VALUES (34879983,'Sánchez','Nicolás','05/06/1993','9 De Julio 369'); 
INSERT INTO persona (NroDocumentoP, Apellido, Nombre, FNacimiento, Direccion) VALUES (33854657,'Romero','Elena','09/08/1992','La Rioja 208');
INSERT INTO persona (NroDocumentoP, Apellido, Nombre, FNacimiento, Direccion) VALUES (30567456,'Sosa','Benjamín','18/04/1989','Av Pte Perón 167'); 
INSERT INTO persona (NroDocumentoP, Apellido, Nombre, FNacimiento, Direccion) VALUES (27231343,'Torres','Emilia','20/01/1986','25 De Mayo 815'); 
INSERT INTO persona (NroDocumentoP, Apellido, Nombre, FNacimiento, Direccion) VALUES (24431984,'Álvarez','Pedro','08/08/1983','Pueyrredón 292');
INSERT INTO persona (NroDocumentoP, Apellido, Nombre, FNacimiento, Direccion) VALUES (39465984,'Ruiz','Valentina','08/02/1998','Av. Corrientes 292');
INSERT INTO persona (NroDocumentoP, Apellido, Nombre, FNacimiento, Direccion) VALUES (35018343,'Ramírez','Tomás','20/02/1994','Hipólito Yrigoyen 815');
INSERT INTO persona (NroDocumentoP, Apellido, Nombre, FNacimiento, Direccion) VALUES (37004455,'Flores','Paula','18/05/1996','Av. Gral. San Martin 167');
INSERT INTO persona (NroDocumentoP, Apellido, Nombre, FNacimiento, Direccion) VALUES (34686657,'Benítez','Thiago','09/01/1993','Ituzaingo 208');
INSERT INTO persona (NroDocumentoP, Apellido, Nombre, FNacimiento, Direccion) VALUES (32958983,'Acosta','Zoe','05/06/1991','Almirante Brown 369');
INSERT INTO persona (NroDocumentoP, Apellido, Nombre, FNacimiento, Direccion) VALUES (30787453,'Medina','Santino','26/06/1989','Sarmiento 555');
INSERT INTO persona (NroDocumentoP, Apellido, Nombre, FNacimiento, Direccion) VALUES (38009567,'Silva','Milagros','11/03/1997','Colón 159');
INSERT INTO persona (NroDocumentoP, Apellido, Nombre, FNacimiento, Direccion) VALUES (37157838,'Moura','Elias','08/10/1992','Av Zapiola 571');
INSERT INTO persona (NroDocumentoP, Apellido, Nombre, FNacimiento, Direccion) VALUES (35987786,'Medina','Sofía','10/11/1994','9 De Julio 918');
INSERT INTO persona (NroDocumentoP, Apellido, Nombre, FNacimiento, Direccion) VALUES (34999654,'Acosta','Santiago','27/10/1993','Güemes 141'); 
INSERT INTO persona (NroDocumentoP, Apellido, Nombre, FNacimiento, Direccion) VALUES (33564978,'Benítez','María','29/03/1992','Colón 971'); 
INSERT INTO persona (NroDocumentoP, Apellido, Nombre, FNacimiento, Direccion) VALUES (30567969,'Flores','Mateo','07/05/1989','La Rioja 702'); 
INSERT INTO persona (NroDocumentoP, Apellido, Nombre, FNacimiento, Direccion) VALUES (27561456,'Ramírez','Lucía','27/04/1986','Av Pte Perón 146');
INSERT INTO persona (NroDocumentoP, Apellido, Nombre, FNacimiento, Direccion) VALUES (24116757,'Ruiz','Juan','14/04/1983','25 De Mayo 667'); 

INSERT INTO telefono (NroDocumentoP, IdTipoTelefono, NroTelefono) VALUES (39546757,2,'3764136710');
INSERT INTO telefono (NroDocumentoP, IdTipoTelefono, NroTelefono) VALUES (35006456,2,'3764133072');
INSERT INTO telefono (NroDocumentoP, IdTipoTelefono, NroTelefono) VALUES (39546757,1,'3764341034');
INSERT INTO telefono (NroDocumentoP, IdTipoTelefono, NroTelefono) VALUES (35006456,1,'3764167622');
INSERT INTO telefono (NroDocumentoP, IdTipoTelefono, NroTelefono) VALUES (37000969,2,'3764310300');
INSERT INTO telefono (NroDocumentoP, IdTipoTelefono, NroTelefono) VALUES (34786978,2,'3764905186');
INSERT INTO telefono (NroDocumentoP, IdTipoTelefono, NroTelefono) VALUES (34786978,2,'3764347685');
INSERT INTO telefono (NroDocumentoP, IdTipoTelefono, NroTelefono) VALUES (34786978,1,'3764402056');
INSERT INTO telefono (NroDocumentoP, IdTipoTelefono, NroTelefono) VALUES (32798654,2,'3764890380');
INSERT INTO telefono (NroDocumentoP, IdTipoTelefono, NroTelefono) VALUES (30647234,2,'3764272202');
INSERT INTO telefono (NroDocumentoP, IdTipoTelefono, NroTelefono) VALUES (38674786,2,'3764635148');
INSERT INTO telefono (NroDocumentoP, IdTipoTelefono, NroTelefono) VALUES (38674786,2,'3764157586');
INSERT INTO telefono (NroDocumentoP, IdTipoTelefono, NroTelefono) VALUES (39643354,2,'3764339883');
INSERT INTO telefono (NroDocumentoP, IdTipoTelefono, NroTelefono) VALUES (38674786,1,'3764329685');
INSERT INTO telefono (NroDocumentoP, IdTipoTelefono, NroTelefono) VALUES (39643354,1,'3764626502');
INSERT INTO telefono (NroDocumentoP, IdTipoTelefono, NroTelefono) VALUES (35879456,2,'3764018832');
INSERT INTO telefono (NroDocumentoP, IdTipoTelefono, NroTelefono) VALUES (34879983,2,'3764795462');
INSERT INTO telefono (NroDocumentoP, IdTipoTelefono, NroTelefono) VALUES (33854657,2,'3764865146');
INSERT INTO telefono (NroDocumentoP, IdTipoTelefono, NroTelefono) VALUES (30567456,2,'3764153063');
INSERT INTO telefono (NroDocumentoP, IdTipoTelefono, NroTelefono) VALUES (27231343,1,'3764947554');
INSERT INTO telefono (NroDocumentoP, IdTipoTelefono, NroTelefono) VALUES (24431984,1,'3764582341');
INSERT INTO telefono (NroDocumentoP, IdTipoTelefono, NroTelefono) VALUES (39465984,2,'3764476793');
INSERT INTO telefono (NroDocumentoP, IdTipoTelefono, NroTelefono) VALUES (35018343,2,'3764317814');
INSERT INTO telefono (NroDocumentoP, IdTipoTelefono, NroTelefono) VALUES (39465984,1,'3764096641');
INSERT INTO telefono (NroDocumentoP, IdTipoTelefono, NroTelefono) VALUES (35018343,1,'3764604118');
INSERT INTO telefono (NroDocumentoP, IdTipoTelefono, NroTelefono) VALUES (37004455,2,'3764087624');
INSERT INTO telefono (NroDocumentoP, IdTipoTelefono, NroTelefono) VALUES (34686657,2,'3764508134');
INSERT INTO telefono (NroDocumentoP, IdTipoTelefono, NroTelefono) VALUES (32958983,2,'3764059226');
INSERT INTO telefono (NroDocumentoP, IdTipoTelefono, NroTelefono) VALUES (32958983,1,'3764401242');
INSERT INTO telefono (NroDocumentoP, IdTipoTelefono, NroTelefono) VALUES (30787453,2,'3764614365');
INSERT INTO telefono (NroDocumentoP, IdTipoTelefono, NroTelefono) VALUES (38009567,2,'3764114490');
INSERT INTO telefono (NroDocumentoP, IdTipoTelefono, NroTelefono) VALUES (37157838,2,'3764813972');
INSERT INTO telefono (NroDocumentoP, IdTipoTelefono, NroTelefono) VALUES (38009567,1,'3764499596');
INSERT INTO telefono (NroDocumentoP, IdTipoTelefono, NroTelefono) VALUES (37157838,1,'3764733786');
INSERT INTO telefono (NroDocumentoP, IdTipoTelefono, NroTelefono) VALUES (35987786,2,'3764781791');
INSERT INTO telefono (NroDocumentoP, IdTipoTelefono, NroTelefono) VALUES (34999654,2,'3764636882');
INSERT INTO telefono (NroDocumentoP, IdTipoTelefono, NroTelefono) VALUES (33564978,2,'3764676226');
INSERT INTO telefono (NroDocumentoP, IdTipoTelefono, NroTelefono) VALUES (30567969,2,'3764179633');
INSERT INTO telefono (NroDocumentoP, IdTipoTelefono, NroTelefono) VALUES (27561456,1,'3764384050');
INSERT INTO telefono (NroDocumentoP, IdTipoTelefono, NroTelefono) VALUES (24116757,1,'3764111859');

INSERT INTO titular (NroDocumentoT, IngresosTotales, CantFamiliares, IngresosRetenidos) VALUES (39546757, 46542.06,5,9158.26);
INSERT INTO titular (NroDocumentoT, IngresosTotales, CantFamiliares, IngresosRetenidos) VALUES (35006456, 65854.25,2,12585.25);
INSERT INTO titular (NroDocumentoT, IngresosTotales, CantFamiliares, IngresosRetenidos) VALUES (37000969, 97834.64,5,16060.93);
INSERT INTO titular (NroDocumentoT, IngresosTotales, CantFamiliares, IngresosRetenidos) VALUES (34786978, 60835.46,3,11500.09);
INSERT INTO titular (NroDocumentoT, IngresosTotales, CantFamiliares, IngresosRetenidos) VALUES (32798654, 56185.54,3,13223.29);
INSERT INTO titular (NroDocumentoT, IngresosTotales, CantFamiliares, IngresosRetenidos) VALUES (30647234, 37386.29,2,7858.10);
INSERT INTO titular (NroDocumentoT, IngresosTotales, CantFamiliares, IngresosRetenidos) VALUES (38674786, 56784.55,0,10273.85);
INSERT INTO titular (NroDocumentoT, IngresosTotales, CantFamiliares, IngresosRetenidos) VALUES (39643354, 78426.18,0,14831.96);
INSERT INTO titular (NroDocumentoT, IngresosTotales, CantFamiliares, IngresosRetenidos) VALUES (35879456, 81994.59,4,16886.28);
INSERT INTO titular (NroDocumentoT, IngresosTotales, CantFamiliares, IngresosRetenidos) VALUES (34879983, 31379.57,1,7186.99);
INSERT INTO titular (NroDocumentoT, IngresosTotales, CantFamiliares, IngresosRetenidos) VALUES (33854657, 39926.52,2,9796.98);
INSERT INTO titular (NroDocumentoT, IngresosTotales, CantFamiliares, IngresosRetenidos) VALUES (30567456, 67497.37,3,11338.35);
INSERT INTO titular (NroDocumentoT, IngresosTotales, CantFamiliares, IngresosRetenidos) VALUES (27231343, 95476.02,5,16872.45);
INSERT INTO titular (NroDocumentoT, IngresosTotales, CantFamiliares, IngresosRetenidos) VALUES (24431984, 86583.15,4,13054.17);

INSERT INTO (NroDocumentoG) garante VALUES (39465984);
INSERT INTO (NroDocumentoG) garante VALUES (35018343);
INSERT INTO (NroDocumentoG) garante VALUES (37004455);
INSERT INTO (NroDocumentoG) garante VALUES (34686657);
INSERT INTO (NroDocumentoG) garante VALUES (32958983);
INSERT INTO (NroDocumentoG) garante VALUES (30787453);
INSERT INTO (NroDocumentoG) garante VALUES (38009567);
INSERT INTO (NroDocumentoG) garante VALUES (37157838);
INSERT INTO (NroDocumentoG) garante VALUES (35987786);
INSERT INTO (NroDocumentoG) garante VALUES (34999654);
INSERT INTO (NroDocumentoG) garante VALUES (33564978);
INSERT INTO (NroDocumentoG) garante VALUES (30567969);
INSERT INTO (NroDocumentoG) garante VALUES (27561456);
INSERT INTO (NroDocumentoG) garante VALUES (24116757);
  
INSERT INTO prestamoconcepto (IdConcepto, DenConcepto, SumaOResta, Fila) VALUES (1,'Cuota Capital',1,1);
INSERT INTO prestamoconcepto (IdConcepto, DenConcepto, SumaOResta, Fila) VALUES (2,'Interes Anual',1,2);
INSERT INTO prestamoconcepto (IdConcepto, DenConcepto, SumaOResta, Fila) VALUES (3,'Gastos Administrativos',1,3);
INSERT INTO prestamoconcepto (IdConcepto, DenConcepto, SumaOResta, Fila) VALUES (4,'Seguro',1,4);
INSERT INTO prestamoconcepto (IdConcepto, DenConcepto, SumaOResta, Fila) VALUES (5,'Cuota de deuda capitalizada',1,5);

INSERT INTO porcentaje (IdConcepto, valorPorcentaje) VALUES (3,5); -- idconcepto 3 valor porcentaje 5
INSERT INTO porcentaje (IdConcepto, valorPorcentaje) VALUES (4,7); -- idconcepto 4 valor porcentaje 7

INSERT INTO tipopago (CodPago, DenTipoPago) VALUES (1,'Ventanilla');
INSERT INTO tipopago (CodPago, DenTipoPago) VALUES (2,'Tarjeta de debito');
INSERT INTO tipopago (CodPago, DenTipoPago) VALUES (3,'Tarjeta de credito');
INSERT INTO tipopago (CodPago, DenTipoPago) VALUES (4,'Cuota convenida');


/*
En las cuotas se podrá registrar el pago de las mismas, indicando la fecha en la cual se pagó y un código de pago 
que nos indicará entre otras posibilidades que la cuota se pagó por ventanilla, tarjeta débito, tarjeta crédito y 
también podrán indicar que la cuota fue incluida en un convenio de refinanciación de deuda. 
*/

INSERT INTO prestamo (NroPrestamo, NroDocumentoT, Capital, CantCuotas, IntAnual, VtoMensual) VALUES (1110000,39546757,45000,36,45.00,10);
INSERT INTO prestamo (NroPrestamo, NroDocumentoT, Capital, CantCuotas, IntAnual, VtoMensual) VALUES (1110001,35006456,75000,24,40.00,10);
INSERT INTO prestamo (NroPrestamo, NroDocumentoT, Capital, CantCuotas, IntAnual, VtoMensual) VALUES (1110002,37000969,85000,12,35.00,10);
INSERT INTO prestamo (NroPrestamo, NroDocumentoT, Capital, CantCuotas, IntAnual, VtoMensual) VALUES (1110003,34786978,65000,18,38.00,10);
INSERT INTO prestamo (NroPrestamo, NroDocumentoT, Capital, CantCuotas, IntAnual, VtoMensual) VALUES (1110004,32798654,55000,24,40.00,10);
INSERT INTO prestamo (NroPrestamo, NroDocumentoT, Capital, CantCuotas, IntAnual, VtoMensual) VALUES (1110005,30647234,15000,3,10.00,10);
INSERT INTO prestamo (NroPrestamo, NroDocumentoT, Capital, CantCuotas, IntAnual, VtoMensual) VALUES (1110006,38674786,15000,1,0.00,10);
INSERT INTO prestamo (NroPrestamo, NroDocumentoT, Capital, CantCuotas, IntAnual, VtoMensual) VALUES (1110007,39643354,85000,36,45.00,10);
INSERT INTO prestamo (NroPrestamo, NroDocumentoT, Capital, CantCuotas, IntAnual, VtoMensual) VALUES (1110008,35879456,95000,18,38.00,10);
INSERT INTO prestamo (NroPrestamo, NroDocumentoT, Capital, CantCuotas, IntAnual, VtoMensual) VALUES (1110009,34879983,55000,12,35.00,10);
INSERT INTO prestamo (NroPrestamo, NroDocumentoT, Capital, CantCuotas, IntAnual, VtoMensual) VALUES (1110010,33854657,40000,12,35.00,10);
INSERT INTO prestamo (NroPrestamo, NroDocumentoT, Capital, CantCuotas, IntAnual, VtoMensual) VALUES (1110011,30567456,45000,12,35.00,10);
INSERT INTO prestamo (NroPrestamo, NroDocumentoT, Capital, CantCuotas, IntAnual, VtoMensual) VALUES (1110012,27231343,10000,1,0.00,10);
INSERT INTO prestamo (NroPrestamo, NroDocumentoT, Capital, CantCuotas, IntAnual, VtoMensual) VALUES (1110013,24431984,25000,3,10.00,10);
INSERT INTO prestamo (NroPrestamo, NroDocumentoT, Capital, CantCuotas, IntAnual, VtoMensual) VALUES (1110014,30647234,95000,18,38.00,10);

INSERT INTO garantextitular (NroDocumentoT, NroDocumentoG, NroPrestamo) VALUES (39546757,39465984,1110000);
INSERT INTO garantextitular (NroDocumentoT, NroDocumentoG, NroPrestamo) VALUES (35006456,35018343,1110001);
INSERT INTO garantextitular (NroDocumentoT, NroDocumentoG, NroPrestamo) VALUES (37000969,37004455,1110002);
INSERT INTO garantextitular (NroDocumentoT, NroDocumentoG, NroPrestamo) VALUES (34786978,34686657,1110003);
INSERT INTO garantextitular (NroDocumentoT, NroDocumentoG, NroPrestamo) VALUES (32798654,32958983,1110004);
INSERT INTO garantextitular (NroDocumentoT, NroDocumentoG, NroPrestamo) VALUES (30647234,30787453,1110005);
INSERT INTO garantextitular (NroDocumentoT, NroDocumentoG, NroPrestamo) VALUES (38674786,38009567,1110006);
INSERT INTO garantextitular (NroDocumentoT, NroDocumentoG, NroPrestamo) VALUES (39643354,37157838,1110007);
INSERT INTO garantextitular (NroDocumentoT, NroDocumentoG, NroPrestamo) VALUES (35879456,35987786,1110008);
INSERT INTO garantextitular (NroDocumentoT, NroDocumentoG, NroPrestamo) VALUES (34879983,37004455,1110009);
INSERT INTO garantextitular (NroDocumentoT, NroDocumentoG, NroPrestamo) VALUES (33854657,33564978,1110010);
INSERT INTO garantextitular (NroDocumentoT, NroDocumentoG, NroPrestamo) VALUES (30567456,35018343,1110011);
INSERT INTO garantextitular (NroDocumentoT, NroDocumentoG, NroPrestamo) VALUES (27231343,27561456,1110012);
INSERT INTO garantextitular (NroDocumentoT, NroDocumentoG, NroPrestamo) VALUES (24431984,24116757,1110013);
INSERT INTO garantextitular (NroDocumentoT, NroDocumentoG, NroPrestamo) VALUES (30647234,39465984,1110014);
  
INSERT INTO prestamocuota (NroPrestamo, NroCuota, Vencimiento, CodPago, FechaPago) VALUES (1110002,1,'10/08/2019',1,'05/08/2019');
INSERT INTO prestamocuota (NroPrestamo, NroCuota, Vencimiento, CodPago, FechaPago) VALUES (1110002,2,'10/09/2019',2,'03/09/2019');
INSERT INTO prestamocuota (NroPrestamo, NroCuota, Vencimiento, CodPago, FechaPago) VALUES (1110002,3,'10/10/2019',1,'06/10/2019');
INSERT INTO prestamocuota (NroPrestamo, NroCuota, Vencimiento, CodPago, FechaPago) VALUES (1110002,4,'10/11/2019',3,'02/11/2019');
INSERT INTO prestamocuota (NroPrestamo, NroCuota, Vencimiento, CodPago, FechaPago) VALUES (1110002,5,'10/12/2019',1,'01/12/2019');
INSERT INTO prestamocuota (NroPrestamo, NroCuota, Vencimiento, CodPago, FechaPago) VALUES (1110002,6,'10/01/2020',2,'10/01/2020');
INSERT INTO prestamocuota (NroPrestamo, NroCuota, Vencimiento, CodPago, FechaPago) VALUES (1110002,7,'10/02/2020',3,'09/02/2020');
INSERT INTO prestamocuota (NroPrestamo, NroCuota, Vencimiento, CodPago, FechaPago) VALUES (1110002,8,'10/03/2020',1,'04/03/2020');
INSERT INTO prestamocuota (NroPrestamo, NroCuota, Vencimiento, CodPago, FechaPago) VALUES (1110002,9,'10/04/2020',0,NULL);
INSERT INTO prestamocuota (NroPrestamo, NroCuota, Vencimiento, CodPago, FechaPago) VALUES (1110002,10,'10/05/2020',0,NULL);
INSERT INTO prestamocuota (NroPrestamo, NroCuota, Vencimiento, CodPago, FechaPago) VALUES (1110002,11,'10/06/2020',0,NULL);
INSERT INTO prestamocuota (NroPrestamo, NroCuota, Vencimiento, CodPago, FechaPago) VALUES (1110002,12,'10/07/2020',0,NULL);
INSERT INTO prestamocuota (NroPrestamo, NroCuota, Vencimiento, CodPago, FechaPago) VALUES (1110003,1,'10/08/2019',1,'03/08/2019');
INSERT INTO prestamocuota (NroPrestamo, NroCuota, Vencimiento, CodPago, FechaPago) VALUES (1110003,2,'10/09/2019',2,'04/09/2019');
INSERT INTO prestamocuota (NroPrestamo, NroCuota, Vencimiento, CodPago, FechaPago) VALUES (1110003,3,'10/10/2019',3,'08/10/2019');
INSERT INTO prestamocuota (NroPrestamo, NroCuota, Vencimiento, CodPago, FechaPago) VALUES (1110003,4,'10/11/2019',1,'01/11/2019');
INSERT INTO prestamocuota (NroPrestamo, NroCuota, Vencimiento, CodPago, FechaPago) VALUES (1110003,5,'10/12/2019',2,'03/12/2019');
INSERT INTO prestamocuota (NroPrestamo, NroCuota, Vencimiento, CodPago, FechaPago) VALUES (1110003,6,'10/01/2020',2,'04/01/2020');
INSERT INTO prestamocuota (NroPrestamo, NroCuota, Vencimiento, CodPago, FechaPago) VALUES (1110003,7,'10/02/2020',1,'10/02/2020');
INSERT INTO prestamocuota (NroPrestamo, NroCuota, Vencimiento, CodPago, FechaPago) VALUES (1110003,8,'10/03/2020',1,'07/03/2020');
INSERT INTO prestamocuota (NroPrestamo, NroCuota, Vencimiento, CodPago, FechaPago) VALUES (1110003,9,'10/04/2020',0,NULL);
INSERT INTO prestamocuota (NroPrestamo, NroCuota, Vencimiento, CodPago, FechaPago) VALUES (1110003,10,'10/05/2020',0,NULL);
INSERT INTO prestamocuota (NroPrestamo, NroCuota, Vencimiento, CodPago, FechaPago) VALUES (1110003,11,'10/06/2020',0,NULL);
INSERT INTO prestamocuota (NroPrestamo, NroCuota, Vencimiento, CodPago, FechaPago) VALUES (1110003,12,'10/07/2020',0,NULL);
INSERT INTO prestamocuota (NroPrestamo, NroCuota, Vencimiento, CodPago, FechaPago) VALUES (1110003,13,'10/08/2020',0,NULL);
INSERT INTO prestamocuota (NroPrestamo, NroCuota, Vencimiento, CodPago, FechaPago) VALUES (1110003,14,'10/09/2020',0,NULL);
INSERT INTO prestamocuota (NroPrestamo, NroCuota, Vencimiento, CodPago, FechaPago) VALUES (1110003,15,'10/10/2020',0,NULL);
INSERT INTO prestamocuota (NroPrestamo, NroCuota, Vencimiento, CodPago, FechaPago) VALUES (1110003,16,'10/11/2020',0,NULL);
INSERT INTO prestamocuota (NroPrestamo, NroCuota, Vencimiento, CodPago, FechaPago) VALUES (1110003,17,'10/12/2020',0,NULL);
INSERT INTO prestamocuota (NroPrestamo, NroCuota, Vencimiento, CodPago, FechaPago) VALUES (1110003,18,'10/01/2021',0,NULL);
INSERT INTO prestamocuota (NroPrestamo, NroCuota, Vencimiento, CodPago, FechaPago) VALUES (1110005,1,'10/01/2019',1,'01/01/2019');
INSERT INTO prestamocuota (NroPrestamo, NroCuota, Vencimiento, CodPago, FechaPago) VALUES (1110005,2,'10/02/2019',2,'05/02/2019');
INSERT INTO prestamocuota (NroPrestamo, NroCuota, Vencimiento, CodPago, FechaPago) VALUES (1110005,3,'10/03/2019',2,'08/03/2019');
INSERT INTO prestamocuota (NroPrestamo, NroCuota, Vencimiento, CodPago, FechaPago) VALUES (1110006,1,'10/03/2020',1,'02/03/2019');
INSERT INTO prestamocuota (NroPrestamo, NroCuota, Vencimiento, CodPago, FechaPago) VALUES (1110013,1,'10/01/2020',3,'05/01/2020');
INSERT INTO prestamocuota (NroPrestamo, NroCuota, Vencimiento, CodPago, FechaPago) VALUES (1110013,2,'10/02/2020',1,'02/02/2020');
INSERT INTO prestamocuota (NroPrestamo, NroCuota, Vencimiento, CodPago, FechaPago) VALUES (1110013,3,'10/03/2020',0,NULL);
INSERT INTO prestamocuota (NroPrestamo, NroCuota, Vencimiento, CodPago, FechaPago) VALUES (1110014,1,'10/12/2018',1,'02/12/2018');
INSERT INTO prestamocuota (NroPrestamo, NroCuota, Vencimiento, CodPago, FechaPago) VALUES (1110014,2,'10/01/2019',2,'04/01/2019');
INSERT INTO prestamocuota (NroPrestamo, NroCuota, Vencimiento, CodPago, FechaPago) VALUES (1110014,3,'10/02/2019',3,'07/02/2019');
INSERT INTO prestamocuota (NroPrestamo, NroCuota, Vencimiento, CodPago, FechaPago) VALUES (1110014,4,'10/03/2019',1,'08/03/2019');
INSERT INTO prestamocuota (NroPrestamo, NroCuota, Vencimiento, CodPago, FechaPago) VALUES (1110014,5,'10/04/2019',2,'12/04/2019');
INSERT INTO prestamocuota (NroPrestamo, NroCuota, Vencimiento, CodPago, FechaPago) VALUES (1110014,6,'10/05/2019',1,'05/05/2019');
INSERT INTO prestamocuota (NroPrestamo, NroCuota, Vencimiento, CodPago, FechaPago) VALUES (1110014,7,'10/06/2019',2,'04/06/2019');
INSERT INTO prestamocuota (NroPrestamo, NroCuota, Vencimiento, CodPago, FechaPago) VALUES (1110014,8,'10/07/2019',1,'03/07/2019');
INSERT INTO prestamocuota (NroPrestamo, NroCuota, Vencimiento, CodPago, FechaPago) VALUES (1110014,9,'10/08/2019',1,'01/08/2019');
INSERT INTO prestamocuota (NroPrestamo, NroCuota, Vencimiento, CodPago, FechaPago) VALUES (1110014,10,'10/09/2019',1,'06/09/2019');
INSERT INTO prestamocuota (NroPrestamo, NroCuota, Vencimiento, CodPago, FechaPago) VALUES (1110014,11,'10/10/2019',2,'03/10/2019');
INSERT INTO prestamocuota (NroPrestamo, NroCuota, Vencimiento, CodPago, FechaPago) VALUES (1110014,12,'10/11/2019',1,'09/11/2019');
INSERT INTO prestamocuota (NroPrestamo, NroCuota, Vencimiento, CodPago, FechaPago) VALUES (1110014,13,'10/12/2019',3,'08/12/2019');
INSERT INTO prestamocuota (NroPrestamo, NroCuota, Vencimiento, CodPago, FechaPago) VALUES (1110014,14,'10/01/2020',2,'05/01/2020');
INSERT INTO prestamocuota (NroPrestamo, NroCuota, Vencimiento, CodPago, FechaPago) VALUES (1110014,15,'10/02/2020',1,'04/02/2020');
INSERT INTO prestamocuota (NroPrestamo, NroCuota, Vencimiento, CodPago, FechaPago) VALUES (1110014,16,'10/03/2020',0,NULL);
INSERT INTO prestamocuota (NroPrestamo, NroCuota, Vencimiento, CodPago, FechaPago) VALUES (1110014,17,'10/04/2020',0,NULL);
INSERT INTO prestamocuota (NroPrestamo, NroCuota, Vencimiento, CodPago, FechaPago) VALUES (1110014,18,'10/05/2020',0,NULL);

INSERT INTO prestamocuotadet (NroPrestamo, NroCuota, IdConcepto, Monto) VALUES (1110002,1,1,9562.50);
INSERT INTO prestamocuotadet (NroPrestamo, NroCuota, IdConcepto, Monto) VALUES (1110002,2,1,9562.50);
INSERT INTO prestamocuotadet (NroPrestamo, NroCuota, IdConcepto, Monto) VALUES (1110002,3,1,9562.50);
INSERT INTO prestamocuotadet (NroPrestamo, NroCuota, IdConcepto, Monto) VALUES (1110002,4,1,9562.50);
INSERT INTO prestamocuotadet (NroPrestamo, NroCuota, IdConcepto, Monto) VALUES (1110002,5,1,9562.50);
INSERT INTO prestamocuotadet (NroPrestamo, NroCuota, IdConcepto, Monto) VALUES (1110002,6,1,9562.50);
INSERT INTO prestamocuotadet (NroPrestamo, NroCuota, IdConcepto, Monto) VALUES (1110002,7,1,9562.50);
INSERT INTO prestamocuotadet (NroPrestamo, NroCuota, IdConcepto, Monto) VALUES (1110002,8,1,9562.50);
INSERT INTO prestamocuotadet (NroPrestamo, NroCuota, IdConcepto, Monto) VALUES (1110002,9,1,9562.50);
INSERT INTO prestamocuotadet (NroPrestamo, NroCuota, IdConcepto, Monto) VALUES (1110002,10,4,9562.50);
INSERT INTO prestamocuotadet (NroPrestamo, NroCuota, IdConcepto, Monto) VALUES (1110002,11,4,9562.50);
INSERT INTO prestamocuotadet (NroPrestamo, NroCuota, IdConcepto, Monto) VALUES (1110002,12,4,9562.50);
INSERT INTO prestamocuotadet (NroPrestamo, NroCuota, IdConcepto, Monto) VALUES (1110003,1,1,4983.33);
INSERT INTO prestamocuotadet (NroPrestamo, NroCuota, IdConcepto, Monto) VALUES (1110003,2,1,4983.33);
INSERT INTO prestamocuotadet (NroPrestamo, NroCuota, IdConcepto, Monto) VALUES (1110003,3,1,4983.33);
INSERT INTO prestamocuotadet (NroPrestamo, NroCuota, IdConcepto, Monto) VALUES (1110003,4,1,4983.33);
INSERT INTO prestamocuotadet (NroPrestamo, NroCuota, IdConcepto, Monto) VALUES (1110003,5,1,4983.33);
INSERT INTO prestamocuotadet (NroPrestamo, NroCuota, IdConcepto, Monto) VALUES (1110003,6,1,4983.33);
INSERT INTO prestamocuotadet (NroPrestamo, NroCuota, IdConcepto, Monto) VALUES (1110003,7,1,4983.33);
INSERT INTO prestamocuotadet (NroPrestamo, NroCuota, IdConcepto, Monto) VALUES (1110003,8,1,4983.33);
INSERT INTO prestamocuotadet (NroPrestamo, NroCuota, IdConcepto, Monto) VALUES (1110003,9,1,4983.33);
INSERT INTO prestamocuotadet (NroPrestamo, NroCuota, IdConcepto, Monto) VALUES (1110003,10,2,4983.33);
INSERT INTO prestamocuotadet (NroPrestamo, NroCuota, IdConcepto, Monto) VALUES (1110003,11,2,4983.33);
INSERT INTO prestamocuotadet (NroPrestamo, NroCuota, IdConcepto, Monto) VALUES (1110003,12,2,4983.33);
INSERT INTO prestamocuotadet (NroPrestamo, NroCuota, IdConcepto, Monto) VALUES (1110003,13,2,4983.33);
INSERT INTO prestamocuotadet (NroPrestamo, NroCuota, IdConcepto, Monto) VALUES (1110003,14,2,4983.33);
INSERT INTO prestamocuotadet (NroPrestamo, NroCuota, IdConcepto, Monto) VALUES (1110003,15,2,4983.33);
INSERT INTO prestamocuotadet (NroPrestamo, NroCuota, IdConcepto, Monto) VALUES (1110003,16,2,4983.33);
INSERT INTO prestamocuotadet (NroPrestamo, NroCuota, IdConcepto, Monto) VALUES (1110003,17,2,4983.33);
INSERT INTO prestamocuotadet (NroPrestamo, NroCuota, IdConcepto, Monto) VALUES (1110003,18,2,4983.33);
INSERT INTO prestamocuotadet (NroPrestamo, NroCuota, IdConcepto, Monto) VALUES (1110005,1,1,5500.00);
INSERT INTO prestamocuotadet (NroPrestamo, NroCuota, IdConcepto, Monto) VALUES (1110005,2,1,5500.00);
INSERT INTO prestamocuotadet (NroPrestamo, NroCuota, IdConcepto, Monto) VALUES (1110005,3,1,5500.00);
INSERT INTO prestamocuotadet (NroPrestamo, NroCuota, IdConcepto, Monto) VALUES (1110006,1,1,10000.00);
INSERT INTO prestamocuotadet (NroPrestamo, NroCuota, IdConcepto, Monto) VALUES (1110013,1,4,9166.66);
INSERT INTO prestamocuotadet (NroPrestamo, NroCuota, IdConcepto, Monto) VALUES (1110013,2,4,9166.66);
INSERT INTO prestamocuotadet (NroPrestamo, NroCuota, IdConcepto, Monto) VALUES (1110013,3,4,9166.66);
INSERT INTO prestamocuotadet (NroPrestamo, NroCuota, IdConcepto, Monto) VALUES (1110014,1,3,7283.33);
INSERT INTO prestamocuotadet (NroPrestamo, NroCuota, IdConcepto, Monto) VALUES (1110014,2,3,7283.33);
INSERT INTO prestamocuotadet (NroPrestamo, NroCuota, IdConcepto, Monto) VALUES (1110014,3,3,7283.33);
INSERT INTO prestamocuotadet (NroPrestamo, NroCuota, IdConcepto, Monto) VALUES (1110014,4,3,7283.33);
INSERT INTO prestamocuotadet (NroPrestamo, NroCuota, IdConcepto, Monto) VALUES (1110014,5,3,7283.33);
INSERT INTO prestamocuotadet (NroPrestamo, NroCuota, IdConcepto, Monto) VALUES (1110014,6,3,7283.33);
INSERT INTO prestamocuotadet (NroPrestamo, NroCuota, IdConcepto, Monto) VALUES (1110014,7,3,7283.33);
INSERT INTO prestamocuotadet (NroPrestamo, NroCuota, IdConcepto, Monto) VALUES (1110014,8,3,7283.33);
INSERT INTO prestamocuotadet (NroPrestamo, NroCuota, IdConcepto, Monto) VALUES (1110014,9,3,7283.33);
INSERT INTO prestamocuotadet (NroPrestamo, NroCuota, IdConcepto, Monto) VALUES (1110014,10,3,7283.33);
INSERT INTO prestamocuotadet (NroPrestamo, NroCuota, IdConcepto, Monto) VALUES (1110014,11,3,7283.33);
INSERT INTO prestamocuotadet (NroPrestamo, NroCuota, IdConcepto, Monto) VALUES (1110014,12,3,7283.33);
INSERT INTO prestamocuotadet (NroPrestamo, NroCuota, IdConcepto, Monto) VALUES (1110014,13,3,7283.33);
INSERT INTO prestamocuotadet (NroPrestamo, NroCuota, IdConcepto, Monto) VALUES (1110014,14,3,7283.33);
INSERT INTO prestamocuotadet (NroPrestamo, NroCuota, IdConcepto, Monto) VALUES (1110014,15,3,7283.33);
INSERT INTO prestamocuotadet (NroPrestamo, NroCuota, IdConcepto, Monto) VALUES (1110014,16,3,7283.33);
INSERT INTO prestamocuotadet (NroPrestamo, NroCuota, IdConcepto, Monto) VALUES (1110014,17,3,7283.33);
INSERT INTO prestamocuotadet (NroPrestamo, NroCuota, IdConcepto, Monto) VALUES (1110014,18,3,7283.33);
